gene	module	score_yatra
BUB1B	1	0.00966128303843251
BUB1	1	0.00908974053372229
TUBA1A	2	0.01195955812249976
DYNC1H1	2	0.01134602455238883
DYNC2H1	3	0.01151439446015614
GLI3	3	0.01018675310753241
SUFU	3	0.01017950265842748
CEP290	3	0.00924841791124114
MKS1	3	0.00910775994567305
RAC1	4	0.01519440608182272
DAG1	4	0.01217966857594271
CDC42	4	0.01072874978709061
HRAS	4	0.00968457431784811
