method	k	disease1	disease2	jaccard
topological	50	CMD	CM	0.07526881720430108
yatra	50	CMD	CM	0.07526881720430108
